ID,ObjectName,StartTime,EndTime
test123,Floor,9.52194,10.12357
test123,Sphere,10.42304,16.32677
test123,Sphere,16.34951,19.90508
test123,Floor,20.10525,20.505
test123,Sphere,21.02726,21.95002
test123,Capsule,23.00513,25.38301
test123,Floor,25.64967,26.72844
test123,Cylinder,27.08241,30.16053
test123,Floor,31.28297,31.4054
test123,Cube,31.4054,31.72744
test123,Floor,31.72744,32.04969
test123,Floor,32.26068,32.44967
test123,Cube,32.44967,32.92796
test123,Floor,32.92796,33.15057
test123,Cube,33.15057,34.66047
test123,Floor,34.66047,34.6828
test123,Cube,34.6828,36.9276
test123,Cube,36.94962,38.02768
test123,Floor,38.02768,38.18281
test123,Cube,38.18281,42.28338
test123,Floor,42.28338,42.68282
test123,Cube,42.68282,43.58158
test123,Floor,43.58158,43.74934
test123,Cube,43.74934,45.72684
test123,Cube,46.44916,47.08242
test123,Floor,47.08242,47.38282
test123,Cube,47.38282,49.2495
test123,Floor,49.2495,49.88274
test123,Cube,49.88274,50.22726
test123,Floor,50.22726,50.54936
test123,Cube,50.54936,52.60541
test123,Floor,52.60541,52.88331
test123,Floor,53.32742,53.92749
test123,Floor,55.46089,55.70528
test123,Floor,55.8055,56.60534
test123,Sphere,56.70512,60.70551
test123,Floor,61.10554,61.12783
test123,Sphere,61.38342,67.60534
test123,Floor,67.90543,68.22773
test123,Capsule,68.42785,73.7826
test123,Floor,74.28277,74.50523
test123,Floor,79.02786,79.98359
test123,Floor,80.26138,80.45018
test123,Cube,80.45018,85.96131
test123,Floor,85.96131,86.02805
test123,Cube,86.02805,87.90536
test123,Floor,87.90536,88.26113
test123,Cube,88.26113,90.82853
test123,Floor,90.82853,90.96165
test123,Cube,90.96165,92.62825
test123,Floor,92.62825,93.35029
test123,Sphere,93.40728,97.02833
test123,Sphere,97.46176,97.88387
test123,Sphere,98.48391,98.58392
test123,Sphere,98.75073,99.08396
