ID,ObjectName,Start,End
test12345,Sphere,20.52619,20.86811
test12345,Capsule,22.22169,26.38065
test12345,Cube,29.52205,30.54573
test12345,Cube,30.58833,35.07155
test12345,Cube,35.09866,36.65291
test12345,Cube,36.98542,39.18726
test12345,Cube,39.52057,40.34868
test12345,Capsule,42.12591,48.09929
test12345,Sphere,48.86589,51.45149
test12345,Sphere,52.62491,58.20848
test12345,Sphere,58.43245,60.01094
test12345,Sphere,60.34375,60.94462
test12345,Sphere,61.54445,63.13511
