{"cameraMode":{"drawMode":0,"name":"Shaded","section":"Shading Mode"},"sceneLighting":true,"audioPlay":false,"sceneViewState":{"showFog":true,"showMaterialUpdate":false,"showSkybox":true,"showFlares":true,"showImageEffects":true,"showParticleSystems":true},"in2DMode":false,"pivot":{"x":0.04474123567342758,"y":-0.6994817852973938,"z":2.9532103538513185},"rotation":{"x":0.2251615822315216,"y":-0.007326184306293726,"z":0.0016996695194393397,"w":0.974321186542511},"size":5.604104518890381,"orthographic":false}