{"cameraMode":{"drawMode":0,"name":"Shaded","section":"Shading Mode"},"sceneLighting":true,"audioPlay":false,"sceneViewState":{"showFog":true,"showMaterialUpdate":false,"showSkybox":true,"showFlares":true,"showImageEffects":true,"showParticleSystems":true},"in2DMode":false,"pivot":{"x":3.2147796154022219,"y":-3.970482587814331,"z":11.68761157989502},"rotation":{"x":0.18989846110343934,"y":0.09729520976543427,"z":-0.018922166898846628,"w":0.9768271446228027},"size":9.583251953125,"orthographic":false}