{"cameraMode":{"drawMode":0,"name":"Shaded","section":"Shading Mode"},"sceneLighting":true,"audioPlay":false,"sceneViewState":{"showFog":true,"showMaterialUpdate":false,"showSkybox":true,"showFlares":true,"showImageEffects":true,"showParticleSystems":true},"in2DMode":false,"pivot":{"x":-0.4405610263347626,"y":1.5540895462036133,"z":0.9839386940002441},"rotation":{"x":0.06020147725939751,"y":-0.1102781891822815,"z":0.006695724092423916,"w":0.9920732975006104},"size":0.8660253882408142,"orthographic":false}